Filename,Npofb10,Npofb15,Npofb20,Npofb25,Npofb30,Npofb35,Npofb40,Npofb45,Npofb50,Npofb55,Npofb60,Npofb65,Npofb70,Npofb75,Npofb80,Npofb85,Npofb90,Npofb95,Npofb100,
acume.csv,0.2777777777777778,0.4444444444444444,0.6666666666666666,0.8333333333333334,0.8888888888888888,0.8888888888888888,0.8888888888888888,0.8888888888888888,0.9444444444444444,0.9444444444444444,0.9444444444444444,0.9444444444444444,0.9444444444444444,1.0,1.0,1.0,1.0,1.0,1.0,
